{"MSE": 8.459411617246486, "R2": 0.3247585814585686, "MAE": 2.2002270457193864}